UnderlyingSymbol,UnderlyingPrice,Exchange,OptionRoot,OptionExt,Type,Expiration,DataDate,Strike,Last,Bid,Ask,Volume,OpenInterest,T1OpenInterest
T,30.82,*,T190301C00022000,,call,03/01/2019,03/01/2019,22,0,8.05,9.85,0,0,0
T,30.82,*,T190301P00022000,,put,03/01/2019,03/01/2019,22,0.01,0,0.02,0,5,0
T,30.82,*,T190301C00023000,,call,03/01/2019,03/01/2019,23,6.79,7.75,8.1,0,1,0
T,30.82,*,T190301P00023000,,put,03/01/2019,03/01/2019,23,0.07,0,0.01,0,17,0
T,30.82,*,T190301C00023500,,call,03/01/2019,03/01/2019,23.5,0,7.05,8.35,0,0,0
T,30.82,*,T190301P00023500,,put,03/01/2019,03/01/2019,23.5,0,0,0.02,0,0,0
T,30.82,*,T190301C00024000,,call,03/01/2019,03/01/2019,24,0,6.55,8.25,0,0,0
T,30.82,*,T190301P00024000,,put,03/01/2019,03/01/2019,24,0,0,0.02,0,0,0
T,30.82,*,T190301C00024500,,call,03/01/2019,03/01/2019,24.5,0,6.05,6.85,0,0,0
T,30.82,*,T190301P00024500,,put,03/01/2019,03/01/2019,24.5,0.01,0,0.02,0,8,0
T,30.82,*,T190301C00025000,,call,03/01/2019,03/01/2019,25,0,5.8,6.1,0,0,0
T,30.82,*,T190301P00025000,,put,03/01/2019,03/01/2019,25,0.02,0,0.01,0,80,0
T,30.82,*,T190301C00025500,,call,03/01/2019,03/01/2019,25.5,5.57,5.3,5.6,0,10,0
T,30.82,*,T190301P00025500,,put,03/01/2019,03/01/2019,25.5,0.05,0,0.02,0,6,0
T,30.82,*,T190301C00026000,,call,03/01/2019,03/01/2019,26,5.18,4.8,4.95,2,13,0
T,30.82,*,T190301P00026000,,put,03/01/2019,03/01/2019,26,0.02,0,0.02,0,17,0
T,30.82,*,T190301C00026500,,call,03/01/2019,03/01/2019,26.5,3.35,4.25,4.6,0,2,0
T,30.82,*,T190301P00026500,,put,03/01/2019,03/01/2019,26.5,0.03,0,0.01,0,731,0
T,30.82,*,T190301C00027000,,call,03/01/2019,03/01/2019,27,4.07,3.8,3.95,0,22,0
T,30.82,*,T190301P00027000,,put,03/01/2019,03/01/2019,27,0.01,0,0.01,0,113,0
T,30.82,*,T190301C00027500,,call,03/01/2019,03/01/2019,27.5,3.2,3.3,3.45,0,14,0
T,30.82,*,T190301P00027500,,put,03/01/2019,03/01/2019,27.5,0.01,0,0.01,0,794,0
T,30.82,*,T190301C00028000,,call,03/01/2019,03/01/2019,28,2.9,2.81,2.87,13,68,0
T,30.82,*,T190301P00028000,,put,03/01/2019,03/01/2019,28,0.01,0,0.01,0,724,0
T,30.82,*,T190301C00028500,,call,03/01/2019,03/01/2019,28.5,2.67,2.31,2.38,28,335,0
T,30.82,*,T190301P00028500,,put,03/01/2019,03/01/2019,28.5,0.02,0,0.02,0,471,0
T,30.82,*,T190301C00029000,,call,03/01/2019,03/01/2019,29,1.67,1.82,1.85,198,584,0
T,30.82,*,T190301P00029000,,put,03/01/2019,03/01/2019,29,0.01,0,0.01,23,1555,0
T,30.82,*,T190301C00029500,,call,03/01/2019,03/01/2019,29.5,1.31,1.32,1.35,283,1007,0
T,30.82,*,T190301P00029500,,put,03/01/2019,03/01/2019,29.5,0.01,0,0.01,0,1685,0
T,30.82,*,T190301C00030000,,call,03/01/2019,03/01/2019,30,0.81,0.82,0.88,350,2077,0
T,30.82,*,T190301P00030000,,put,03/01/2019,03/01/2019,30,0.01,0,0.01,27,2290,0
T,30.82,*,T190301C00030500,,call,03/01/2019,03/01/2019,30.5,0.3,0.26,0.35,2254,3364,0
T,30.82,*,T190301P00030500,,put,03/01/2019,03/01/2019,30.5,0.01,0,0.02,1548,7627,0
T,30.82,*,T190301C00031000,,call,03/01/2019,03/01/2019,31,0.01,0,0.01,6273,7311,0
T,30.82,*,T190301P00031000,,put,03/01/2019,03/01/2019,31,0.17,0.16,0.2,5370,8350,0
T,30.82,*,T190301C00031500,,call,03/01/2019,03/01/2019,31.5,0.05,0,0.01,470,8197,0
T,30.82,*,T190301P00031500,,put,03/01/2019,03/01/2019,31.5,0.65,0.65,0.69,630,412,0
T,30.82,*,T190301C00032000,,call,03/01/2019,03/01/2019,32,0.01,0,0.01,0,5261,0
T,30.82,*,T190301P00032000,,put,03/01/2019,03/01/2019,32,1.19,1.16,1.2,151,350,0
T,30.82,*,T190301C00032500,,call,03/01/2019,03/01/2019,32.5,0.01,0,0.01,0,3110,0
T,30.82,*,T190301P00032500,,put,03/01/2019,03/01/2019,32.5,1.74,1.61,1.7,43,136,0
T,30.82,*,T190301C00033000,,call,03/01/2019,03/01/2019,33,0.01,0,0.01,0,187,0
T,30.82,*,T190301P00033000,,put,03/01/2019,03/01/2019,33,2.21,2.14,2.2,70,6,0
T,30.82,*,T190301C00033500,,call,03/01/2019,03/01/2019,33.5,0,0,0.01,0,159,0
T,30.82,*,T190301P00033500,,put,03/01/2019,03/01/2019,33.5,2.71,2.64,2.7,91,60,0
T,30.82,*,T190301C00034000,,call,03/01/2019,03/01/2019,34,0.09,0,0.02,0,1,0
T,30.82,*,T190301P00034000,,put,03/01/2019,03/01/2019,34,2.86,3.15,3.2,30,60,0
T,30.82,*,T190301C00034500,,call,03/01/2019,03/01/2019,34.5,0,0,0.02,0,0,0
T,30.82,*,T190301P00034500,,put,03/01/2019,03/01/2019,34.5,0,3.55,3.8,0,0,0
T,30.82,*,T190301C00035000,,call,03/01/2019,03/01/2019,35,0.02,0,0.01,0,215,0
T,30.82,*,T190301P00035000,,put,03/01/2019,03/01/2019,35,4.35,4.05,4.4,0,0,0
T,30.82,*,T190301C00035500,,call,03/01/2019,03/01/2019,35.5,0,0,0.02,0,0,0
T,30.82,*,T190301P00035500,,put,03/01/2019,03/01/2019,35.5,0,4.55,4.75,0,0,0
T,30.82,*,T190301C00036000,,call,03/01/2019,03/01/2019,36,0,0,0.02,0,0,0
T,30.82,*,T190301P00036000,,put,03/01/2019,03/01/2019,36,0,4.9,5.45,0,0,0
T,30.82,*,T190301C00036500,,call,03/01/2019,03/01/2019,36.5,0.02,0,0.02,0,1,0
T,30.82,*,T190301P00036500,,put,03/01/2019,03/01/2019,36.5,0,5.4,5.9,0,0,0
T,30.82,*,T190301C00037000,,call,03/01/2019,03/01/2019,37,0,0,0.02,0,0,0
T,30.82,*,T190301P00037000,,put,03/01/2019,03/01/2019,37,0,5.9,6.3,0,0,0
T,30.82,*,T190301C00038000,,call,03/01/2019,03/01/2019,38,0,0,0.02,0,0,0
T,30.82,*,T190301P00038000,,put,03/01/2019,03/01/2019,38,0,6.9,7.35,0,0,0
T,30.82,*,T190308C00022000,,call,03/08/2019,03/01/2019,22,0,8.7,9.85,0,0,0
T,30.82,*,T190308P00022000,,put,03/08/2019,03/01/2019,22,0.01,0,0.02,0,21,21
T,30.82,*,T190308C00022500,,call,03/08/2019,03/01/2019,22.5,0,8.2,9.4,0,0,0
T,30.82,*,T190308P00022500,,put,03/08/2019,03/01/2019,22.5,0,0,0.02,0,0,0
T,30.82,*,T190308C00023000,,call,03/08/2019,03/01/2019,23,0,7.7,9,0,0,0
T,30.82,*,T190308P00023000,,put,03/08/2019,03/01/2019,23,0,0,0.02,0,0,0
T,30.82,*,T190308C00024000,,call,03/08/2019,03/01/2019,24,5.7,6.8,6.95,0,15,15
T,30.82,*,T190308P00024000,,put,03/08/2019,03/01/2019,24,0.02,0,0.02,50,0,50
T,30.82,*,T190308C00024500,,call,03/08/2019,03/01/2019,24.5,5.1,6.3,6.45,0,1,1
T,30.82,*,T190308P00024500,,put,03/08/2019,03/01/2019,24.5,0,0,0.02,0,0,0
T,30.82,*,T190308C00025000,,call,03/08/2019,03/01/2019,25,0,5.8,5.95,0,0,0
T,30.82,*,T190308P00025000,,put,03/08/2019,03/01/2019,25,0.01,0,0.02,0,24,24
T,30.82,*,T190308C00025500,,call,03/08/2019,03/01/2019,25.5,5.65,5.3,5.45,0,9,9
T,30.82,*,T190308P00025500,,put,03/08/2019,03/01/2019,25.5,0.09,0,0.02,0,3,3
T,30.82,*,T190308C00026000,,call,03/08/2019,03/01/2019,26,4.69,4.8,4.95,2,26,28
T,30.82,*,T190308P00026000,,put,03/08/2019,03/01/2019,26,0.05,0,0.01,0,38,38
T,30.82,*,T190308C00026500,,call,03/08/2019,03/01/2019,26.5,4.57,4.3,4.45,0,73,73
T,30.82,*,T190308P00026500,,put,03/08/2019,03/01/2019,26.5,0.01,0,0.02,0,47,47
T,30.82,*,T190308C00027000,,call,03/08/2019,03/01/2019,27,4.18,3.8,3.95,2,15,15
T,30.82,*,T190308P00027000,,put,03/08/2019,03/01/2019,27,0.01,0,0.02,0,226,226
T,30.82,*,T190308C00027500,,call,03/08/2019,03/01/2019,27.5,3.65,3.3,3.4,1,0,1
T,30.82,*,T190308P00027500,,put,03/08/2019,03/01/2019,27.5,0.03,0,0.03,0,121,121
T,30.82,*,T190308C00028000,,call,03/08/2019,03/01/2019,28,2.7,2.82,2.9,690,79,740
T,30.82,*,T190308P00028000,,put,03/08/2019,03/01/2019,28,0.02,0,0.03,0,232,232
T,30.82,*,T190308C00028500,,call,03/08/2019,03/01/2019,28.5,2.31,2.33,2.39,24,68,91
T,30.82,*,T190308P00028500,,put,03/08/2019,03/01/2019,28.5,0.01,0,0.03,0,377,377
T,30.82,*,T190308C00029000,,call,03/08/2019,03/01/2019,29,1.68,1.83,1.89,135,473,571
T,30.82,*,T190308P00029000,,put,03/08/2019,03/01/2019,29,0.03,0,0.03,1,1295,1296
T,30.82,*,T190308C00029500,,call,03/08/2019,03/01/2019,29.5,1.33,1.35,1.38,100,436,414
T,30.82,*,T190308P00029500,,put,03/08/2019,03/01/2019,29.5,0.05,0.02,0.03,319,905,1116
T,30.82,*,T190308C00030000,,call,03/08/2019,03/01/2019,30,0.9,0.88,0.9,700,1538,1653
T,30.82,*,T190308P00030000,,put,03/08/2019,03/01/2019,30,0.07,0.04,0.06,263,1108,1269
T,30.82,*,T190308C00030500,,call,03/08/2019,03/01/2019,30.5,0.47,0.46,0.48,2812,1782,2657
T,30.82,*,T190308P00030500,,put,03/08/2019,03/01/2019,30.5,0.14,0.12,0.13,628,1022,1456
T,30.82,*,T190308C00031000,,call,03/08/2019,03/01/2019,31,0.17,0.16,0.18,2672,5423,6556
T,30.82,*,T190308P00031000,,put,03/08/2019,03/01/2019,31,0.36,0.32,0.34,3698,1033,4360
T,30.82,*,T190308C00031500,,call,03/08/2019,03/01/2019,31.5,0.05,0.04,0.05,4442,3135,6458
T,30.82,*,T190308P00031500,,put,03/08/2019,03/01/2019,31.5,0.74,0.69,0.72,667,316,482
T,30.82,*,T190308C00032000,,call,03/08/2019,03/01/2019,32,0.02,0.01,0.02,308,3984,4189
T,30.82,*,T190308P00032000,,put,03/08/2019,03/01/2019,32,1.22,1.16,1.19,110,207,206
T,30.82,*,T190308C00032500,,call,03/08/2019,03/01/2019,32.5,0.01,0,0.01,3,565,568
T,30.82,*,T190308P00032500,,put,03/08/2019,03/01/2019,32.5,1.61,1.63,1.71,51,212,161
T,30.82,*,T190308C00033000,,call,03/08/2019,03/01/2019,33,0.02,0,0.02,0,109,109
T,30.82,*,T190308P00033000,,put,03/08/2019,03/01/2019,33,1.82,2.13,2.2,0,1,1
T,30.82,*,T190308C00033500,,call,03/08/2019,03/01/2019,33.5,0.02,0,0.02,0,5,5
T,30.82,*,T190308P00033500,,put,03/08/2019,03/01/2019,33.5,0,2.62,2.74,0,0,0
T,30.82,*,T190308C00034000,,call,03/08/2019,03/01/2019,34,0.01,0,0.02,0,11,11
T,30.82,*,T190308P00034000,,put,03/08/2019,03/01/2019,34,2.91,3.1,3.2,0,33,33
T,30.82,*,T190308C00034500,,call,03/08/2019,03/01/2019,34.5,0.04,0,0.02,0,2,2
T,30.82,*,T190308P00034500,,put,03/08/2019,03/01/2019,34.5,0,3.6,3.75,0,0,0
T,30.82,*,T190308C00035000,,call,03/08/2019,03/01/2019,35,0,0,0.02,0,0,0
T,30.82,*,T190308P00035000,,put,03/08/2019,03/01/2019,35,0,4.1,4.25,0,0,0
T,30.82,*,T190308C00035500,,call,03/08/2019,03/01/2019,35.5,0,0,0.02,0,0,0
T,30.82,*,T190308P00035500,,put,03/08/2019,03/01/2019,35.5,0,4.6,4.75,0,0,0
T,30.82,*,T190308C00036000,,call,03/08/2019,03/01/2019,36,0,0,0.02,0,0,0
T,30.82,*,T190308P00036000,,put,03/08/2019,03/01/2019,36,0,5.05,5.25,0,0,0
T,30.82,*,T190308C00036500,,call,03/08/2019,03/01/2019,36.5,0,0,0.02,0,0,0
T,30.82,*,T190308P00036500,,put,03/08/2019,03/01/2019,36.5,5.5,5.55,5.75,0,0,0
T,30.82,*,T190308C00037000,,call,03/08/2019,03/01/2019,37,0,0,0.02,0,0,0
T,30.82,*,T190308P00037000,,put,03/08/2019,03/01/2019,37,0,6.05,6.25,0,0,0
T,30.82,*,T190308C00037500,,call,03/08/2019,03/01/2019,37.5,0,0,0.02,0,0,0
T,30.82,*,T190308P00037500,,put,03/08/2019,03/01/2019,37.5,0,6.55,6.75,0,0,0
T,30.82,*,T190308C00038000,,call,03/08/2019,03/01/2019,38,0,0,0.02,0,0,0
T,30.82,*,T190308P00038000,,put,03/08/2019,03/01/2019,38,0,7.05,7.25,0,0,0
T,30.82,*,T190315C00015000,,call,03/15/2019,03/01/2019,15,16.15,15.75,15.95,0,12,12
T,30.82,*,T190315P00015000,,put,03/15/2019,03/01/2019,15,0,0,0.01,0,0,0
T,30.82,*,T190315C00016000,,call,03/15/2019,03/01/2019,16,14.95,14.75,14.95,0,46,46
T,30.82,*,T190315P00016000,,put,03/15/2019,03/01/2019,16,0.01,0,0.01,0,2,2
T,30.82,*,T190315C00017000,,call,03/15/2019,03/01/2019,17,14.15,13.75,13.95,0,2,2
T,30.82,*,T190315P00017000,,put,03/15/2019,03/01/2019,17,0,0,0.01,0,0,0
T,30.82,*,T190315C00018000,,call,03/15/2019,03/01/2019,18,13.2,12.75,12.95,0,4,4
T,30.82,*,T190315P00018000,,put,03/15/2019,03/01/2019,18,0,0,0.01,0,0,0
T,30.82,*,T190315C00019000,,call,03/15/2019,03/01/2019,19,0,11.75,12.2,0,0,0
T,30.82,*,T190315P00019000,,put,03/15/2019,03/01/2019,19,0,0,0.01,0,0,0
T,30.82,*,T190315C00020000,,call,03/15/2019,03/01/2019,20,10.3,10.75,10.95,0,31,31
T,30.82,*,T190315P00020000,,put,03/15/2019,03/01/2019,20,0.03,0,0.01,0,9,9
T,30.82,*,T190315C00021000,,call,03/15/2019,03/01/2019,21,10,9.75,9.95,0,30,30
T,30.82,*,T190315P00021000,,put,03/15/2019,03/01/2019,21,0,0,0.01,0,0,80
T,30.82,*,T190315C00022000,,call,03/15/2019,03/01/2019,22,9.32,8.75,8.95,0,106,106
T,30.82,*,T190315P00022000,,put,03/15/2019,03/01/2019,22,0.01,0,0.01,3,41,41
T,30.82,*,T190315C00022500,,call,03/15/2019,03/01/2019,22.5,8.5,8.25,8.45,0,29,29
T,30.82,*,T190315P00022500,,put,03/15/2019,03/01/2019,22.5,0,0,0.01,0,0,0
T,30.82,*,T190315C00023000,,call,03/15/2019,03/01/2019,23,6.45,7.75,7.95,0,1,1
T,30.82,*,T190315P00023000,,put,03/15/2019,03/01/2019,23,0.01,0,0.01,0,227,227
T,30.82,*,T190315C00023500,,call,03/15/2019,03/01/2019,23.5,0,7.3,7.4,0,0,0
T,30.82,*,T190315P00023500,,put,03/15/2019,03/01/2019,23.5,0,0,0.01,0,0,0
T,30.82,*,T190315C00024000,,call,03/15/2019,03/01/2019,24,7.2,6.75,6.95,0,12,12
T,30.82,*,T190315P00024000,,put,03/15/2019,03/01/2019,24,0.01,0,0.01,0,245,245
T,30.82,*,T190315C00024500,,call,03/15/2019,03/01/2019,24.5,6.7,6.25,6.45,0,34,34
T,30.82,*,T190315P00024500,,put,03/15/2019,03/01/2019,24.5,0,0,0.02,0,0,0
T,30.82,*,T190315C00025000,,call,03/15/2019,03/01/2019,25,5.5,5.8,5.9,0,108,108
T,30.82,*,T190315P00025000,,put,03/15/2019,03/01/2019,25,0.01,0,0.01,1,1394,1394
T,30.82,*,T190315C00025500,,call,03/15/2019,03/01/2019,25.5,5.7,5.3,5.4,0,67,67
T,30.82,*,T190315P00025500,,put,03/15/2019,03/01/2019,25.5,0,0,0.02,0,0,0
T,30.82,*,T190315C00026000,,call,03/15/2019,03/01/2019,26,4.83,4.75,4.95,6,114,113
T,30.82,*,T190315P00026000,,put,03/15/2019,03/01/2019,26,0.01,0,0.02,10,1348,1348
T,30.82,*,T190315C00026500,,call,03/15/2019,03/01/2019,26.5,4.7,4.25,4.45,0,6,6
T,30.82,*,T190315P00026500,,put,03/15/2019,03/01/2019,26.5,0,0,0.02,0,0,0
T,30.82,*,T190315C00027000,,call,03/15/2019,03/01/2019,27,4.2,3.85,3.9,6,249,249
T,30.82,*,T190315P00027000,,put,03/15/2019,03/01/2019,27,0.01,0.01,0.02,0,4945,4945
T,30.82,*,T190315C00027500,,call,03/15/2019,03/01/2019,27.5,3.8,3.3,3.4,0,6,6
T,30.82,*,T190315P00027500,,put,03/15/2019,03/01/2019,27.5,0.04,0,0.02,0,100,100
T,30.82,*,T190315C00028000,,call,03/15/2019,03/01/2019,28,2.69,2.85,2.91,18,6287,6286
T,30.82,*,T190315P00028000,,put,03/15/2019,03/01/2019,28,0.02,0.01,0.02,165,32546,32509
T,30.82,*,T190315C00028500,,call,03/15/2019,03/01/2019,28.5,2.34,2.36,2.41,273,178,276
T,30.82,*,T190315P00028500,,put,03/15/2019,03/01/2019,28.5,0.02,0.01,0.03,0,1697,1697
T,30.82,*,T190315C00029000,,call,03/15/2019,03/01/2019,29,1.75,1.88,1.91,576,4728,4845
T,30.82,*,T190315P00029000,,put,03/15/2019,03/01/2019,29,0.04,0.03,0.04,76,15508,15481
T,30.82,*,T190315C00029500,,call,03/15/2019,03/01/2019,29.5,1.25,1.41,1.43,324,93,365
T,30.82,*,T190315P00029500,,put,03/15/2019,03/01/2019,29.5,0.06,0.06,0.07,2000,3913,5817
T,30.82,*,T190315C00030000,,call,03/15/2019,03/01/2019,30,0.98,0.96,0.99,397,25905,25864
T,30.82,*,T190315P00030000,,put,03/15/2019,03/01/2019,30,0.1,0.1,0.12,453,28744,28729
T,30.82,*,T190315C00030500,,call,03/15/2019,03/01/2019,30.5,0.53,0.57,0.59,398,1537,1629
T,30.82,*,T190315P00030500,,put,03/15/2019,03/01/2019,30.5,0.21,0.21,0.22,1412,2847,3690
T,30.82,*,T190315C00031000,,call,03/15/2019,03/01/2019,31,0.28,0.28,0.29,1987,30657,30979
T,30.82,*,T190315P00031000,,put,03/15/2019,03/01/2019,31,0.43,0.42,0.43,1174,10503,10872
T,30.82,*,T190315C00031500,,call,03/15/2019,03/01/2019,31.5,0.12,0.11,0.12,1041,5450,5448
T,30.82,*,T190315P00031500,,put,03/15/2019,03/01/2019,31.5,0.89,0.75,0.77,230,1091,1152
T,30.82,*,T190315C00032000,,call,03/15/2019,03/01/2019,32,0.04,0.04,0.05,779,15884,15733
T,30.82,*,T190315P00032000,,put,03/15/2019,03/01/2019,32,1.26,1.17,1.2,262,4117,4223
T,30.82,*,T190315C00032500,,call,03/15/2019,03/01/2019,32.5,0.02,0.01,0.02,317,1944,2139
T,30.82,*,T190315P00032500,,put,03/15/2019,03/01/2019,32.5,1.65,1.66,1.69,247,208,307
T,30.82,*,T190315C00033000,,call,03/15/2019,03/01/2019,33,0.01,0.01,0.02,29,19817,19809
T,30.82,*,T190315P00033000,,put,03/15/2019,03/01/2019,33,1.82,2.15,2.2,116,720,683
T,30.82,*,T190315C00033500,,call,03/15/2019,03/01/2019,33.5,0.01,0,0.02,25,112,137
T,30.82,*,T190315P00033500,,put,03/15/2019,03/01/2019,33.5,2.35,2.62,2.69,22,0,0
T,30.82,*,T190315C00034000,,call,03/15/2019,03/01/2019,34,0.01,0,0.01,62,7262,7288
T,30.82,*,T190315P00034000,,put,03/15/2019,03/01/2019,34,2.84,3.1,3.25,0,2,2
T,30.82,*,T190315C00034500,,call,03/15/2019,03/01/2019,34.5,0,0,0.02,0,0,0
T,30.82,*,T190315P00034500,,put,03/15/2019,03/01/2019,34.5,3.6,3.55,3.8,0,56,56
T,30.82,*,T190315C00035000,,call,03/15/2019,03/01/2019,35,0.01,0,0.01,0,3413,3413
T,30.82,*,T190315P00035000,,put,03/15/2019,03/01/2019,35,3.8,4.05,4.3,0,65,65
T,30.82,*,T190315C00035500,,call,03/15/2019,03/01/2019,35.5,0,0,0.02,0,0,0
T,30.82,*,T190315P00035500,,put,03/15/2019,03/01/2019,35.5,4.2,4.55,4.8,0,0,0
T,30.82,*,T190315C00036000,,call,03/15/2019,03/01/2019,36,0.03,0,0.01,0,143,143
T,30.82,*,T190315P00036000,,put,03/15/2019,03/01/2019,36,4.75,5.1,5.3,0,51,51
T,30.82,*,T190315C00036500,,call,03/15/2019,03/01/2019,36.5,0,0,0.02,0,0,0
T,30.82,*,T190315P00036500,,put,03/15/2019,03/01/2019,36.5,5.2,5.55,5.8,0,0,0
T,30.82,*,T190315C00037000,,call,03/15/2019,03/01/2019,37,0,0,0.02,0,0,0
T,30.82,*,T190315P00037000,,put,03/15/2019,03/01/2019,37,0,5.9,6.25,0,0,0
T,30.82,*,T190315C00037500,,call,03/15/2019,03/01/2019,37.5,0,0,0.02,0,0,0
T,30.82,*,T190315P00037500,,put,03/15/2019,03/01/2019,37.5,0,6.4,6.75,0,0,0
T,30.82,*,T190315C00038000,,call,03/15/2019,03/01/2019,38,0.01,0,0.02,0,3,3
T,30.82,*,T190315P00038000,,put,03/15/2019,03/01/2019,38,6.85,7.05,7.3,0,51,51
T,30.82,*,T190315C00039000,,call,03/15/2019,03/01/2019,39,0,0,0.02,0,0,0
T,30.82,*,T190315P00039000,,put,03/15/2019,03/01/2019,39,7.75,8.1,8.25,0,0,0
T,30.82,*,T190322C00022000,,call,03/22/2019,03/01/2019,22,0,8.8,9.15,0,0,0
T,30.82,*,T190322P00022000,,put,03/22/2019,03/01/2019,22,0.02,0,0.02,0,1,1
T,30.82,*,T190322C00022500,,call,03/22/2019,03/01/2019,22.5,0,8.05,8.65,0,0,0
T,30.82,*,T190322P00022500,,put,03/22/2019,03/01/2019,22.5,0,0,0.02,0,0,0
T,30.82,*,T190322C00023000,,call,03/22/2019,03/01/2019,23,0,7.8,8.15,0,0,0
T,30.82,*,T190322P00023000,,put,03/22/2019,03/01/2019,23,0,0,0.02,0,0,0
T,30.82,*,T190322C00023500,,call,03/22/2019,03/01/2019,23.5,0,7.3,8,0,0,0
T,30.82,*,T190322P00023500,,put,03/22/2019,03/01/2019,23.5,0,0,0.02,0,0,0
T,30.82,*,T190322C00024000,,call,03/22/2019,03/01/2019,24,7.05,6.8,7.4,0,20,20
T,30.82,*,T190322P00024000,,put,03/22/2019,03/01/2019,24,0,0,0.03,0,0,0
T,30.82,*,T190322C00024500,,call,03/22/2019,03/01/2019,24.5,0,6.3,6.65,0,0,0
T,30.82,*,T190322P00024500,,put,03/22/2019,03/01/2019,24.5,0,0,0.03,0,0,0
T,30.82,*,T190322C00025000,,call,03/22/2019,03/01/2019,25,0,5.8,6.4,0,0,0
T,30.82,*,T190322P00025000,,put,03/22/2019,03/01/2019,25,0.05,0,0.03,0,10,10
T,30.82,*,T190322C00025500,,call,03/22/2019,03/01/2019,25.5,0,5.3,5.5,0,0,0
T,30.82,*,T190322P00025500,,put,03/22/2019,03/01/2019,25.5,0.06,0,0.03,0,1,1
T,30.82,*,T190322C00026000,,call,03/22/2019,03/01/2019,26,0,4.8,5.15,0,0,0
T,30.82,*,T190322P00026000,,put,03/22/2019,03/01/2019,26,0.02,0,0.03,0,15,15
T,30.82,*,T190322C00026500,,call,03/22/2019,03/01/2019,26.5,3.3,4.35,4.65,0,1,1
T,30.82,*,T190322P00026500,,put,03/22/2019,03/01/2019,26.5,0.09,0,0.03,0,25,25
T,30.82,*,T190322C00027000,,call,03/22/2019,03/01/2019,27,4.2,3.85,4,0,8,8
T,30.82,*,T190322P00027000,,put,03/22/2019,03/01/2019,27,0.02,0.01,0.03,10,63,63
T,30.82,*,T190322C00027500,,call,03/22/2019,03/01/2019,27.5,2.94,3.35,3.5,0,19,19
T,30.82,*,T190322P00027500,,put,03/22/2019,03/01/2019,27.5,0.04,0,0.04,0,66,66
T,30.82,*,T190322C00028000,,call,03/22/2019,03/01/2019,28,2.58,2.87,2.97,0,9,9
T,30.82,*,T190322P00028000,,put,03/22/2019,03/01/2019,28,0.04,0.02,0.04,0,384,384
T,30.82,*,T190322C00028500,,call,03/22/2019,03/01/2019,28.5,1.42,2.38,2.45,0,20,20
T,30.82,*,T190322P00028500,,put,03/22/2019,03/01/2019,28.5,0.04,0.04,0.06,3,194,195
T,30.82,*,T190322C00029000,,call,03/22/2019,03/01/2019,29,1.85,1.91,1.96,12,138,139
T,30.82,*,T190322P00029000,,put,03/22/2019,03/01/2019,29,0.07,0.05,0.07,3,640,640
T,30.82,*,T190322C00029500,,call,03/22/2019,03/01/2019,29.5,1.59,1.46,1.5,36,397,433
T,30.82,*,T190322P00029500,,put,03/22/2019,03/01/2019,29.5,0.1,0.09,0.11,10,711,715
T,30.82,*,T190322C00030000,,call,03/22/2019,03/01/2019,30,0.96,1.03,1.06,179,887,830
T,30.82,*,T190322P00030000,,put,03/22/2019,03/01/2019,30,0.18,0.17,0.18,70,977,1018
T,30.82,*,T190322C00030500,,call,03/22/2019,03/01/2019,30.5,0.58,0.66,0.69,95,1497,1529
T,30.82,*,T190322P00030500,,put,03/22/2019,03/01/2019,30.5,0.36,0.29,0.31,20,510,522
T,30.82,*,T190322C00031000,,call,03/22/2019,03/01/2019,31,0.3,0.36,0.4,177,2492,2515
T,30.82,*,T190322P00031000,,put,03/22/2019,03/01/2019,31,0.58,0.49,0.52,233,451,616
T,30.82,*,T190322C00031500,,call,03/22/2019,03/01/2019,31.5,0.14,0.17,0.2,121,3014,3102
T,30.82,*,T190322P00031500,,put,03/22/2019,03/01/2019,31.5,0.58,0.79,0.83,10,139,139
T,30.82,*,T190322C00032000,,call,03/22/2019,03/01/2019,32,0.06,0.06,0.08,787,3951,4413
T,30.82,*,T190322P00032000,,put,03/22/2019,03/01/2019,32,1,1.14,1.24,1,11,11
T,30.82,*,T190322C00032500,,call,03/22/2019,03/01/2019,32.5,0.03,0.02,0.04,40,344,340
T,30.82,*,T190322P00032500,,put,03/22/2019,03/01/2019,32.5,1.5,1.6,1.71,0,12,12
T,30.82,*,T190322C00033000,,call,03/22/2019,03/01/2019,33,0.02,0.01,0.03,2,125,126
T,30.82,*,T190322P00033000,,put,03/22/2019,03/01/2019,33,3.06,2.1,2.25,0,0,0
T,30.82,*,T190322C00033500,,call,03/22/2019,03/01/2019,33.5,0.01,0,0.01,0,20,20
T,30.82,*,T190322P00033500,,put,03/22/2019,03/01/2019,33.5,0,2.59,2.7,0,0,0
T,30.82,*,T190322C00034000,,call,03/22/2019,03/01/2019,34,0.01,0,0.02,0,120,120
T,30.82,*,T190322P00034000,,put,03/22/2019,03/01/2019,34,0,2.96,3.2,0,0,0
T,30.82,*,T190322C00034500,,call,03/22/2019,03/01/2019,34.5,0.02,0,0.02,0,150,150
T,30.82,*,T190322P00034500,,put,03/22/2019,03/01/2019,34.5,0,3.4,3.7,0,0,0
T,30.82,*,T190322C00035000,,call,03/22/2019,03/01/2019,35,0,0,0.01,0,0,0
T,30.82,*,T190322P00035000,,put,03/22/2019,03/01/2019,35,0,3.9,4.2,0,0,0
T,30.82,*,T190322C00035500,,call,03/22/2019,03/01/2019,35.5,0,0,0.02,0,0,0
T,30.82,*,T190322P00035500,,put,03/22/2019,03/01/2019,35.5,0,4.4,4.7,0,0,0
T,30.82,*,T190322C00036000,,call,03/22/2019,03/01/2019,36,0.01,0,0.02,10,0,10
T,30.82,*,T190322P00036000,,put,03/22/2019,03/01/2019,36,0,4.9,5.25,0,0,0
T,30.82,*,T190322C00037000,,call,03/22/2019,03/01/2019,37,0,0,0.02,0,0,0
T,30.82,*,T190322P00037000,,put,03/22/2019,03/01/2019,37,0,6.05,6.25,0,0,0
T,30.82,*,T190322C00037500,,call,03/22/2019,03/01/2019,37.5,0,0,0.02,0,0,0
T,30.82,*,T190322P00037500,,put,03/22/2019,03/01/2019,37.5,0,6.55,6.75,0,0,0
T,30.82,*,T190322C00038000,,call,03/22/2019,03/01/2019,38,0,0,0.02,0,0,0
T,30.82,*,T190322P00038000,,put,03/22/2019,03/01/2019,38,7,7.05,7.25,0,5,5
T,30.82,*,T190329C00021000,,call,03/29/2019,03/01/2019,21,0,9.75,9.95,0,0,0
T,30.82,*,T190329P00021000,,put,03/29/2019,03/01/2019,21,0,0,0.02,0,0,0
T,30.82,*,T190329C00022000,,call,03/29/2019,03/01/2019,22,0,8.75,8.95,0,0,0
T,30.82,*,T190329P00022000,,put,03/29/2019,03/01/2019,22,0,0,0.02,0,0,0
T,30.82,*,T190329C00022500,,call,03/29/2019,03/01/2019,22.5,0,8.3,8.45,0,0,0
T,30.82,*,T190329P00022500,,put,03/29/2019,03/01/2019,22.5,0,0,0.03,0,2,2
T,30.82,*,T190329C00023000,,call,03/29/2019,03/01/2019,23,0,7.8,7.95,0,0,0
T,30.82,*,T190329P00023000,,put,03/29/2019,03/01/2019,23,0,0,0.03,0,0,0
T,30.82,*,T190329C00023500,,call,03/29/2019,03/01/2019,23.5,6.85,7.3,7.45,0,1,1
T,30.82,*,T190329P00023500,,put,03/29/2019,03/01/2019,23.5,0.01,0,0.03,0,20,20
T,30.82,*,T190329C00024000,,call,03/29/2019,03/01/2019,24,0,6.8,6.95,0,0,0
T,30.82,*,T190329P00024000,,put,03/29/2019,03/01/2019,24,0.05,0,0.03,0,5,5
T,30.82,*,T190329C00024500,,call,03/29/2019,03/01/2019,24.5,0,6.3,6.45,0,0,0
T,30.82,*,T190329P00024500,,put,03/29/2019,03/01/2019,24.5,0,0,0.03,0,0,0
T,30.82,*,T190329C00025000,,call,03/29/2019,03/01/2019,25,0,5.8,6,0,0,0
T,30.82,*,T190329P00025000,,put,03/29/2019,03/01/2019,25,0.04,0,0.03,0,7,7
T,30.82,*,T190329C00025500,,call,03/29/2019,03/01/2019,25.5,0,5.3,5.45,0,0,0
T,30.82,*,T190329P00025500,,put,03/29/2019,03/01/2019,25.5,0.02,0,0.03,0,7,7
T,30.82,*,T190329C00026000,,call,03/29/2019,03/01/2019,26,5.01,4.8,5,0,4,4
T,30.82,*,T190329P00026000,,put,03/29/2019,03/01/2019,26,0.04,0.01,0.04,0,40,40
T,30.82,*,T190329C00026500,,call,03/29/2019,03/01/2019,26.5,3.25,4.3,4.5,0,0,0
T,30.82,*,T190329P00026500,,put,03/29/2019,03/01/2019,26.5,0.04,0,0.04,0,563,563
T,30.82,*,T190329C00027000,,call,03/29/2019,03/01/2019,27,2.55,3.8,3.95,0,10,10
T,30.82,*,T190329P00027000,,put,03/29/2019,03/01/2019,27,0.03,0.01,0.05,0,171,171
T,30.82,*,T190329C00027500,,call,03/29/2019,03/01/2019,27.5,3.06,3.3,3.45,0,1,1
T,30.82,*,T190329P00027500,,put,03/29/2019,03/01/2019,27.5,0.05,0.02,0.06,0,11,11
T,30.82,*,T190329C00028000,,call,03/29/2019,03/01/2019,28,3.12,2.91,2.96,0,2,2
T,30.82,*,T190329P00028000,,put,03/29/2019,03/01/2019,28,0.05,0.04,0.06,0,165,165
T,30.82,*,T190329C00028500,,call,03/29/2019,03/01/2019,28.5,2.68,2.34,2.49,0,45,45
T,30.82,*,T190329P00028500,,put,03/29/2019,03/01/2019,28.5,0.07,0.05,0.09,20,132,112
T,30.82,*,T190329C00029000,,call,03/29/2019,03/01/2019,29,2.46,1.87,2.01,0,81,81
T,30.82,*,T190329P00029000,,put,03/29/2019,03/01/2019,29,0.1,0.08,0.11,215,347,542
T,30.82,*,T190329C00029500,,call,03/29/2019,03/01/2019,29.5,1.5,1.52,1.55,1,189,189
T,30.82,*,T190329P00029500,,put,03/29/2019,03/01/2019,29.5,0.17,0.13,0.16,21,850,871
T,30.82,*,T190329C00030000,,call,03/29/2019,03/01/2019,30,1.04,1.1,1.14,71,647,717
T,30.82,*,T190329P00030000,,put,03/29/2019,03/01/2019,30,0.28,0.22,0.24,636,1803,1983
T,30.82,*,T190329C00030500,,call,03/29/2019,03/01/2019,30.5,0.67,0.74,0.77,16,452,456
T,30.82,*,T190329P00030500,,put,03/29/2019,03/01/2019,30.5,0.42,0.35,0.38,57,638,642
T,30.82,*,T190329C00031000,,call,03/29/2019,03/01/2019,31,0.45,0.45,0.48,318,1273,1479
T,30.82,*,T190329P00031000,,put,03/29/2019,03/01/2019,31,0.62,0.56,0.59,63,506,540
T,30.82,*,T190329C00031500,,call,03/29/2019,03/01/2019,31.5,0.25,0.24,0.26,434,5460,5744
T,30.82,*,T190329P00031500,,put,03/29/2019,03/01/2019,31.5,0.96,0.85,0.88,93,11,75
T,30.82,*,T190329C00032000,,call,03/29/2019,03/01/2019,32,0.09,0.11,0.13,659,6505,7093
T,30.82,*,T190329P00032000,,put,03/29/2019,03/01/2019,32,1.25,1.22,1.27,9,166,173
T,30.82,*,T190329C00032500,,call,03/29/2019,03/01/2019,32.5,0.07,0.05,0.06,110,1603,1691
T,30.82,*,T190329P00032500,,put,03/29/2019,03/01/2019,32.5,3.25,1.65,1.74,0,3,3
T,30.82,*,T190329C00033000,,call,03/29/2019,03/01/2019,33,0.04,0.01,0.04,3,318,321
T,30.82,*,T190329P00033000,,put,03/29/2019,03/01/2019,33,1.9,2.13,2.26,0,1,1
T,30.82,*,T190329C00033500,,call,03/29/2019,03/01/2019,33.5,0.01,0,0.01,8,305,305
T,30.82,*,T190329P00033500,,put,03/29/2019,03/01/2019,33.5,0,2.61,2.73,0,0,0
T,30.82,*,T190329C00034000,,call,03/29/2019,03/01/2019,34,0.02,0,0.03,0,66,66
T,30.82,*,T190329P00034000,,put,03/29/2019,03/01/2019,34,4.95,3.1,3.3,0,0,0
T,30.82,*,T190329C00034500,,call,03/29/2019,03/01/2019,34.5,0,0,0.03,0,0,0
T,30.82,*,T190329P00034500,,put,03/29/2019,03/01/2019,34.5,3.85,3.6,3.8,0,5,5
T,30.82,*,T190329C00035000,,call,03/29/2019,03/01/2019,35,0.02,0,0.02,0,10,10
T,30.82,*,T190329P00035000,,put,03/29/2019,03/01/2019,35,4.35,4.1,4.3,0,4,4
T,30.82,*,T190329C00035500,,call,03/29/2019,03/01/2019,35.5,0,0,0.02,0,0,0
T,30.82,*,T190329P00035500,,put,03/29/2019,03/01/2019,35.5,0,4.6,4.75,0,0,0
T,30.82,*,T190329C00036000,,call,03/29/2019,03/01/2019,36,0,0,0.02,0,0,0
T,30.82,*,T190329P00036000,,put,03/29/2019,03/01/2019,36,5.35,5.1,5.3,0,5,5
T,30.82,*,T190329C00036500,,call,03/29/2019,03/01/2019,36.5,0,0,0.02,0,0,0
T,30.82,*,T190329P00036500,,put,03/29/2019,03/01/2019,36.5,0,5.6,5.75,0,0,0
T,30.82,*,T190329C00037000,,call,03/29/2019,03/01/2019,37,0,0,0.02,0,0,0
T,30.82,*,T190329P00037000,,put,03/29/2019,03/01/2019,37,0,6.1,6.3,0,0,0
T,30.82,*,T190329C00037500,,call,03/29/2019,03/01/2019,37.5,0,0,0.02,0,0,0
T,30.82,*,T190329P00037500,,put,03/29/2019,03/01/2019,37.5,0,6.6,6.75,0,0,0
T,30.82,*,T190329C00038000,,call,03/29/2019,03/01/2019,38,0,0,0.02,0,0,0
T,30.82,*,T190329P00038000,,put,03/29/2019,03/01/2019,38,0,7.1,7.3,0,0,0
T,30.82,*,T190329C00039000,,call,03/29/2019,03/01/2019,39,0,0,0.02,0,0,0
T,30.82,*,T190329P00039000,,put,03/29/2019,03/01/2019,39,0,8.1,8.3,0,0,0
T,30.82,*,T190405C00024000,,call,04/05/2019,03/01/2019,24,7.05,6.8,7,0,23,23
T,30.82,*,T190405P00024000,,put,04/05/2019,03/01/2019,24,0,0,0.03,0,0,0
T,30.82,*,T190405C00024500,,call,04/05/2019,03/01/2019,24.5,0,6.3,6.5,0,0,0
T,30.82,*,T190405P00024500,,put,04/05/2019,03/01/2019,24.5,0,0,0.03,0,0,0
T,30.82,*,T190405C00025000,,call,04/05/2019,03/01/2019,25,5.95,5.8,5.95,0,5,5
T,30.82,*,T190405P00025000,,put,04/05/2019,03/01/2019,25,0,0,0.04,0,0,0
T,30.82,*,T190405C00025500,,call,04/05/2019,03/01/2019,25.5,0,5.3,5.55,0,0,0
T,30.82,*,T190405P00025500,,put,04/05/2019,03/01/2019,25.5,0,0.01,0.04,0,0,0
T,30.82,*,T190405C00026000,,call,04/05/2019,03/01/2019,26,5.25,4.8,5.2,0,10,10
T,30.82,*,T190405P00026000,,put,04/05/2019,03/01/2019,26,0,0,0.05,0,0,0
T,30.82,*,T190405C00026500,,call,04/05/2019,03/01/2019,26.5,0,4.35,4.5,0,0,0
T,30.82,*,T190405P00026500,,put,04/05/2019,03/01/2019,26.5,0.03,0.01,0.03,0,0,460
T,30.82,*,T190405C00027000,,call,04/05/2019,03/01/2019,27,4.35,3.85,4,0,4,4
T,30.82,*,T190405P00027000,,put,04/05/2019,03/01/2019,27,0,0.02,0.05,0,0,0
T,30.82,*,T190405C00027500,,call,04/05/2019,03/01/2019,27.5,0,3.35,3.55,0,0,0
T,30.82,*,T190405P00027500,,put,04/05/2019,03/01/2019,27.5,0.06,0.03,0.07,0,10,10
T,30.82,*,T190405C00028000,,call,04/05/2019,03/01/2019,28,3.4,2.85,3.25,0,10,10
T,30.82,*,T190405P00028000,,put,04/05/2019,03/01/2019,28,0.08,0.05,0.08,0,4,4
T,30.82,*,T190405C00028500,,call,04/05/2019,03/01/2019,28.5,0,2.37,2.57,0,0,0
T,30.82,*,T190405P00028500,,put,04/05/2019,03/01/2019,28.5,0.1,0.07,0.11,2,8,10
T,30.82,*,T190405C00029000,,call,04/05/2019,03/01/2019,29,1.9,2.01,2.06,25,10,35
T,30.82,*,T190405P00029000,,put,04/05/2019,03/01/2019,29,0.14,0.11,0.15,60,124,183
T,30.82,*,T190405C00029500,,call,04/05/2019,03/01/2019,29.5,1.91,1.58,1.62,3,13,10
T,30.82,*,T190405P00029500,,put,04/05/2019,03/01/2019,29.5,0.21,0.18,0.21,144,55,199
T,30.82,*,T190405C00030000,,call,04/05/2019,03/01/2019,30,1.32,1.18,1.21,10,68,77
T,30.82,*,T190405P00030000,,put,04/05/2019,03/01/2019,30,0.3,0.27,0.3,51,286,332
T,30.82,*,T190405C00030500,,call,04/05/2019,03/01/2019,30.5,0.84,0.82,0.85,357,168,435
T,30.82,*,T190405P00030500,,put,04/05/2019,03/01/2019,30.5,0.5,0.42,0.45,40,183,222
T,30.82,*,T190405C00031000,,call,04/05/2019,03/01/2019,31,0.47,0.53,0.56,401,251,315
T,30.82,*,T190405P00031000,,put,04/05/2019,03/01/2019,31,0.64,0.63,0.66,46,271,302
T,30.82,*,T190405C00031500,,call,04/05/2019,03/01/2019,31.5,0.28,0.31,0.35,53,440,463
T,30.82,*,T190405P00031500,,put,04/05/2019,03/01/2019,31.5,0.95,0.91,0.93,17,57,73
T,30.82,*,T190405C00032000,,call,04/05/2019,03/01/2019,32,0.15,0.16,0.18,158,807,936
T,30.82,*,T190405P00032000,,put,04/05/2019,03/01/2019,32,1.1,1.26,1.3,1,48,47
T,30.82,*,T190405C00032500,,call,04/05/2019,03/01/2019,32.5,0.16,0.07,0.1,0,658,658
T,30.82,*,T190405P00032500,,put,04/05/2019,03/01/2019,32.5,0,1.63,1.8,0,0,0
T,30.82,*,T190405C00033000,,call,04/05/2019,03/01/2019,33,0.09,0.02,0.05,0,241,241
T,30.82,*,T190405P00033000,,put,04/05/2019,03/01/2019,33,0,2.11,2.26,0,0,0
T,30.82,*,T190405C00033500,,call,04/05/2019,03/01/2019,33.5,0.02,0,0.04,4,13,17
T,30.82,*,T190405P00033500,,put,04/05/2019,03/01/2019,33.5,0,2.61,2.76,0,0,0
T,30.82,*,T190405C00034000,,call,04/05/2019,03/01/2019,34,0,0,0.03,0,0,20
T,30.82,*,T190405P00034000,,put,04/05/2019,03/01/2019,34,2.86,2.94,3.25,0,0,0
T,30.82,*,T190405C00034500,,call,04/05/2019,03/01/2019,34.5,0.02,0,0.03,0,5,5
T,30.82,*,T190405P00034500,,put,04/05/2019,03/01/2019,34.5,0,3.6,3.75,0,0,0
T,30.82,*,T190405C00035000,,call,04/05/2019,03/01/2019,35,0,0,0.03,0,0,0
T,30.82,*,T190405P00035000,,put,04/05/2019,03/01/2019,35,0,4.05,4.3,0,0,0
T,30.82,*,T190405C00035500,,call,04/05/2019,03/01/2019,35.5,0,0,0.02,0,0,0
T,30.82,*,T190405P00035500,,put,04/05/2019,03/01/2019,35.5,0,4.55,4.8,0,0,0
T,30.82,*,T190405C00036000,,call,04/05/2019,03/01/2019,36,0,0,0.02,0,0,0
T,30.82,*,T190405P00036000,,put,04/05/2019,03/01/2019,36,0,5.1,5.25,0,0,0
T,30.82,*,T190405C00036500,,call,04/05/2019,03/01/2019,36.5,0,0,0.02,0,0,0
T,30.82,*,T190405P00036500,,put,04/05/2019,03/01/2019,36.5,0,5.6,5.8,0,0,0
T,30.82,*,T190405C00037000,,call,04/05/2019,03/01/2019,37,0,0,0.02,0,0,0
T,30.82,*,T190405P00037000,,put,04/05/2019,03/01/2019,37,0,6.1,6.25,0,0,0
T,30.82,*,T190405C00037500,,call,04/05/2019,03/01/2019,37.5,0,0,0.02,0,0,0
T,30.82,*,T190405P00037500,,put,04/05/2019,03/01/2019,37.5,0,6.6,6.8,0,0,0
T,30.82,*,T190405C00038000,,call,04/05/2019,03/01/2019,38,0,0,0.02,0,0,0
T,30.82,*,T190405P00038000,,put,04/05/2019,03/01/2019,38,0,7.1,7.25,0,0,0
T,30.82,*,T190412C00024000,,call,04/12/2019,03/01/2019,24,0,6.8,6.95,0,0,0
T,30.82,*,T190412P00024000,,put,04/12/2019,03/01/2019,24,0,0,0.28,0,0,0
T,30.82,*,T190412C00024500,,call,04/12/2019,03/01/2019,24.5,0,6.3,6.45,0,0,0
T,30.82,*,T190412P00024500,,put,04/12/2019,03/01/2019,24.5,0,0,0.04,0,0,0
T,30.82,*,T190412C00025000,,call,04/12/2019,03/01/2019,25,0,5.8,5.95,0,0,0
T,30.82,*,T190412P00025000,,put,04/12/2019,03/01/2019,25,0,0,0.05,0,0,0
T,30.82,*,T190412C00025500,,call,04/12/2019,03/01/2019,25.5,0,5.3,5.5,0,0,0
T,30.82,*,T190412P00025500,,put,04/12/2019,03/01/2019,25.5,0,0.01,0.06,0,0,0
T,30.82,*,T190412C00026000,,call,04/12/2019,03/01/2019,26,0,4.8,5,0,0,0
T,30.82,*,T190412P00026000,,put,04/12/2019,03/01/2019,26,0,0.02,0.08,0,0,0
T,30.82,*,T190412C00026500,,call,04/12/2019,03/01/2019,26.5,0,4.3,4.5,0,0,0
T,30.82,*,T190412P00026500,,put,04/12/2019,03/01/2019,26.5,0.05,0.03,0.05,120,0,120
T,30.82,*,T190412C00027000,,call,04/12/2019,03/01/2019,27,0,3.85,4,0,0,0
T,30.82,*,T190412P00027000,,put,04/12/2019,03/01/2019,27,0,0.04,0.11,0,0,0
T,30.82,*,T190412C00027500,,call,04/12/2019,03/01/2019,27.5,0,3.35,3.5,0,0,0
T,30.82,*,T190412P00027500,,put,04/12/2019,03/01/2019,27.5,0,0.06,0.1,0,0,0
T,30.82,*,T190412C00028000,,call,04/12/2019,03/01/2019,28,2.88,2.93,3,2,0,0
T,30.82,*,T190412P00028000,,put,04/12/2019,03/01/2019,28,0,0.07,0.17,0,0,0
T,30.82,*,T190412C00028500,,call,04/12/2019,03/01/2019,28.5,0,2.37,2.56,0,0,0
T,30.82,*,T190412P00028500,,put,04/12/2019,03/01/2019,28.5,0.13,0.15,0.19,0,1,1
T,30.82,*,T190412C00029000,,call,04/12/2019,03/01/2019,29,0,1.92,2.08,0,0,0
T,30.82,*,T190412P00029000,,put,04/12/2019,03/01/2019,29,0.25,0.22,0.25,153,0,153
T,30.82,*,T190412C00029500,,call,04/12/2019,03/01/2019,29.5,0,1.49,1.66,0,0,0
T,30.82,*,T190412P00029500,,put,04/12/2019,03/01/2019,29.5,0.37,0.32,0.36,39,20,59
T,30.82,*,T190412C00030000,,call,04/12/2019,03/01/2019,30,1.17,1.16,1.21,11,0,11
T,30.82,*,T190412P00030000,,put,04/12/2019,03/01/2019,30,0.55,0.48,0.51,140,52,152
T,30.82,*,T190412C00030500,,call,04/12/2019,03/01/2019,30.5,0.89,0.82,0.86,82,2,84
T,30.82,*,T190412P00030500,,put,04/12/2019,03/01/2019,30.5,0.78,0.69,0.72,170,1,171
T,30.82,*,T190412C00031000,,call,04/12/2019,03/01/2019,31,0.55,0.54,0.56,5,1,6
T,30.82,*,T190412P00031000,,put,04/12/2019,03/01/2019,31,1.02,0.95,1.02,10,0,10
T,30.82,*,T190412C00031500,,call,04/12/2019,03/01/2019,31.5,0.39,0.33,0.34,44,21,65
T,30.82,*,T190412P00031500,,put,04/12/2019,03/01/2019,31.5,1.15,1.25,1.43,10,0,10
T,30.82,*,T190412C00032000,,call,04/12/2019,03/01/2019,32,0.25,0.19,0.21,24,85,109
T,30.82,*,T190412P00032000,,put,04/12/2019,03/01/2019,32,1.41,1.66,1.83,0,1,1
T,30.82,*,T190412C00032500,,call,04/12/2019,03/01/2019,32.5,0.14,0.07,0.1,0,3,3
T,30.82,*,T190412P00032500,,put,04/12/2019,03/01/2019,32.5,0,2.1,2.27,0,0,0
T,30.82,*,T190412C00033000,,call,04/12/2019,03/01/2019,33,0,0.03,0.07,0,0,0
T,30.82,*,T190412P00033000,,put,04/12/2019,03/01/2019,33,0,2.57,2.73,0,0,0
T,30.82,*,T190412C00033500,,call,04/12/2019,03/01/2019,33.5,0,0,0.05,0,0,0
T,30.82,*,T190412P00033500,,put,04/12/2019,03/01/2019,33.5,0,3.05,3.2,0,0,0
T,30.82,*,T190412C00034000,,call,04/12/2019,03/01/2019,34,0,0,0.27,0,0,0
T,30.82,*,T190412P00034000,,put,04/12/2019,03/01/2019,34,0,3.05,3.7,0,0,0
T,30.82,*,T190412C00034500,,call,04/12/2019,03/01/2019,34.5,0,0,0.03,0,0,0
T,30.82,*,T190412P00034500,,put,04/12/2019,03/01/2019,34.5,0,4,4.2,0,0,0
T,30.82,*,T190412C00035000,,call,04/12/2019,03/01/2019,35,0,0,0.03,0,0,0
T,30.82,*,T190412P00035000,,put,04/12/2019,03/01/2019,35,0,4.5,4.7,0,0,0
T,30.82,*,T190412C00035500,,call,04/12/2019,03/01/2019,35.5,0,0,0.03,0,0,0
T,30.82,*,T190412P00035500,,put,04/12/2019,03/01/2019,35.5,0,5,5.2,0,0,0
T,30.82,*,T190412C00036000,,call,04/12/2019,03/01/2019,36,0,0,0.03,0,0,0
T,30.82,*,T190412P00036000,,put,04/12/2019,03/01/2019,36,0,5.5,5.7,0,0,0
T,30.82,*,T190412C00036500,,call,04/12/2019,03/01/2019,36.5,0,0,0.03,0,0,0
T,30.82,*,T190412P00036500,,put,04/12/2019,03/01/2019,36.5,0,6,6.2,0,0,0
T,30.82,*,T190412C00037000,,call,04/12/2019,03/01/2019,37,0,0,0.02,0,0,0
T,30.82,*,T190412P00037000,,put,04/12/2019,03/01/2019,37,0,6.5,6.7,0,0,0
T,30.82,*,T190412C00037500,,call,04/12/2019,03/01/2019,37.5,0,0,0.02,0,0,0
T,30.82,*,T190412P00037500,,put,04/12/2019,03/01/2019,37.5,0,7,7.2,0,0,0
T,30.82,*,T190412C00038000,,call,04/12/2019,03/01/2019,38,0,0,0.02,0,0,0
T,30.82,*,T190412P00038000,,put,04/12/2019,03/01/2019,38,0,7.5,7.7,0,0,0
T,30.82,*,T190418C00015000,,call,04/18/2019,03/01/2019,15,14.5,15.8,15.95,0,32,32
T,30.82,*,T190418P00015000,,put,04/18/2019,03/01/2019,15,0.04,0,0.01,0,50,50
T,30.82,*,T190418C00016000,,call,04/18/2019,03/01/2019,16,0,14.8,15,0,0,0
T,30.82,*,T190418P00016000,,put,04/18/2019,03/01/2019,16,0.04,0,0.01,0,2,2
T,30.82,*,T190418C00017000,,call,04/18/2019,03/01/2019,17,13.85,13.8,13.9,124,25,149
T,30.82,*,T190418P00017000,,put,04/18/2019,03/01/2019,17,0,0,0.01,0,0,0
T,30.82,*,T190418C00018000,,call,04/18/2019,03/01/2019,18,13.2,12.8,13.15,0,97,97
T,30.82,*,T190418P00018000,,put,04/18/2019,03/01/2019,18,0,0,0.01,0,40,40
T,30.82,*,T190418C00019000,,call,04/18/2019,03/01/2019,19,12.2,11.8,12,0,70,70
T,30.82,*,T190418P00019000,,put,04/18/2019,03/01/2019,19,0.03,0,0.02,0,10,10
T,30.82,*,T190418C00020000,,call,04/18/2019,03/01/2019,20,10.6,10.8,11,0,117,117
T,30.82,*,T190418P00020000,,put,04/18/2019,03/01/2019,20,0.02,0,0.02,0,521,521
T,30.82,*,T190418C00021000,,call,04/18/2019,03/01/2019,21,9.8,9.85,10,0,1,1
T,30.82,*,T190418P00021000,,put,04/18/2019,03/01/2019,21,0.02,0,0.02,0,0,189
T,30.82,*,T190418C00022000,,call,04/18/2019,03/01/2019,22,8.56,8.85,9,0,3,3
T,30.82,*,T190418P00022000,,put,04/18/2019,03/01/2019,22,0.01,0,0.01,0,1319,1319
T,30.82,*,T190418C00023000,,call,04/18/2019,03/01/2019,23,8.35,7.85,8,0,131,131
T,30.82,*,T190418P00023000,,put,04/18/2019,03/01/2019,23,0.03,0,0.02,0,272,272
T,30.82,*,T190418C00024000,,call,04/18/2019,03/01/2019,24,7.15,6.85,6.95,0,26,26
T,30.82,*,T190418P00024000,,put,04/18/2019,03/01/2019,24,0.01,0.01,0.03,0,1809,1809
T,30.82,*,T190418C00025000,,call,04/18/2019,03/01/2019,25,5.75,5.85,6,25,141,134
T,30.82,*,T190418P00025000,,put,04/18/2019,03/01/2019,25,0.02,0.02,0.03,29,1746,1724
T,30.82,*,T190418C00026000,,call,04/18/2019,03/01/2019,26,4.75,4.85,4.95,22,295,306
T,30.82,*,T190418P00026000,,put,04/18/2019,03/01/2019,26,0.05,0.03,0.05,23,5673,5684
T,30.82,*,T190418C00027000,,call,04/18/2019,03/01/2019,27,3.8,3.9,3.95,51,640,667
T,30.82,*,T190418P00027000,,put,04/18/2019,03/01/2019,27,0.07,0.07,0.08,262,6133,6171
T,30.82,*,T190418C00028000,,call,04/18/2019,03/01/2019,28,2.84,2.94,2.98,179,3168,3195
T,30.82,*,T190418P00028000,,put,04/18/2019,03/01/2019,28,0.15,0.13,0.15,39,21276,21291
T,30.82,*,T190418C00029000,,call,04/18/2019,03/01/2019,29,1.91,2.01,2.04,112,7700,7739
T,30.82,*,T190418P00029000,,put,04/18/2019,03/01/2019,29,0.26,0.25,0.27,180,14162,14204
T,30.82,*,T190418C00030000,,call,04/18/2019,03/01/2019,30,1.17,1.18,1.21,1976,20176,19775
T,30.82,*,T190418P00030000,,put,04/18/2019,03/01/2019,30,0.52,0.51,0.53,533,19774,19949
T,30.82,*,T190418C00031000,,call,04/18/2019,03/01/2019,31,0.57,0.55,0.58,1155,25601,25478
T,30.82,*,T190418P00031000,,put,04/18/2019,03/01/2019,31,1.06,0.99,1.02,374,7188,7277
T,30.82,*,T190418C00032000,,call,04/18/2019,03/01/2019,32,0.2,0.19,0.22,1345,18427,18576
T,30.82,*,T190418P00032000,,put,04/18/2019,03/01/2019,32,1.87,1.71,1.74,235,6165,6166
T,30.82,*,T190418C00033000,,call,04/18/2019,03/01/2019,33,0.05,0.05,0.06,92,16118,16111
T,30.82,*,T190418P00033000,,put,04/18/2019,03/01/2019,33,2.7,2.61,2.64,319,4167,4294
T,30.82,*,T190418C00034000,,call,04/18/2019,03/01/2019,34,0.03,0.02,0.03,57,13198,13223
T,30.82,*,T190418P00034000,,put,04/18/2019,03/01/2019,34,3.7,3.55,3.65,3,2264,2263
T,30.82,*,T190418C00035000,,call,04/18/2019,03/01/2019,35,0.02,0,0.02,101,14874,14973
T,30.82,*,T190418P00035000,,put,04/18/2019,03/01/2019,35,4.2,4.55,4.65,0,1606,1606
T,30.82,*,T190418C00036000,,call,04/18/2019,03/01/2019,36,0.02,0,0.02,7,7669,7671
T,30.82,*,T190418P00036000,,put,04/18/2019,03/01/2019,36,5.35,5.55,5.65,0,6241,6241
T,30.82,*,T190418C00037000,,call,04/18/2019,03/01/2019,37,0.01,0,0.02,0,2884,2884
T,30.82,*,T190418P00037000,,put,04/18/2019,03/01/2019,37,6.23,6.55,6.65,0,702,702
T,30.82,*,T190418C00038000,,call,04/18/2019,03/01/2019,38,0.01,0,0.02,0,3798,3798
T,30.82,*,T190418P00038000,,put,04/18/2019,03/01/2019,38,8.49,7.3,7.7,0,173,173
T,30.82,*,T190418C00039000,,call,04/18/2019,03/01/2019,39,0.01,0,0.02,0,584,584
T,30.82,*,T190418P00039000,,put,04/18/2019,03/01/2019,39,8.52,8.3,8.65,0,215,215
T,30.82,*,T190418C00040000,,call,04/18/2019,03/01/2019,40,0.02,0,0.02,0,4808,4808
T,30.82,*,T190418P00040000,,put,04/18/2019,03/01/2019,40,10.83,9.45,9.65,0,1031,1031
T,30.82,*,T190418C00041000,,call,04/18/2019,03/01/2019,41,0.01,0,0.02,0,764,764
T,30.82,*,T190418P00041000,,put,04/18/2019,03/01/2019,41,10.23,10.45,10.85,0,155,155
T,30.82,*,T190517C00025000,,call,05/17/2019,03/01/2019,25,5.74,5.85,6.4,1,4,4
T,30.82,*,T190517P00025000,,put,05/17/2019,03/01/2019,25,0.1,0.07,0.08,0,10,10
T,30.82,*,T190517C00026000,,call,05/17/2019,03/01/2019,26,4.61,4.85,4.95,0,2,2
T,30.82,*,T190517P00026000,,put,05/17/2019,03/01/2019,26,0.13,0.11,0.13,35,121,156
T,30.82,*,T190517C00027000,,call,05/17/2019,03/01/2019,27,4.28,3.9,4,1,10,11
T,30.82,*,T190517P00027000,,put,05/17/2019,03/01/2019,27,0.2,0.18,0.19,53,1104,1143
T,30.82,*,T190517C00028000,,call,05/17/2019,03/01/2019,28,2.97,2.99,3.05,470,599,1024
T,30.82,*,T190517P00028000,,put,05/17/2019,03/01/2019,28,0.3,0.28,0.31,642,749,1285
T,30.82,*,T190517C00029000,,call,05/17/2019,03/01/2019,29,2.01,2.12,2.15,460,1760,1932
T,30.82,*,T190517P00029000,,put,05/17/2019,03/01/2019,29,0.55,0.49,0.51,372,2100,2407
T,30.82,*,T190517C00030000,,call,05/17/2019,03/01/2019,30,1.37,1.37,1.4,343,386,624
T,30.82,*,T190517P00030000,,put,05/17/2019,03/01/2019,30,0.82,0.81,0.83,527,1661,2088
T,30.82,*,T190517C00031000,,call,05/17/2019,03/01/2019,31,0.8,0.79,0.83,443,1742,1873
T,30.82,*,T190517P00031000,,put,05/17/2019,03/01/2019,31,1.36,1.29,1.31,82,464,509
T,30.82,*,T190517C00032000,,call,05/17/2019,03/01/2019,32,0.42,0.41,0.43,616,3778,3956
T,30.82,*,T190517P00032000,,put,05/17/2019,03/01/2019,32,2.05,1.93,1.96,130,320,450
T,30.82,*,T190517C00033000,,call,05/17/2019,03/01/2019,33,0.17,0.19,0.21,1274,3419,4193
T,30.82,*,T190517P00033000,,put,05/17/2019,03/01/2019,33,2.78,2.72,2.76,190,944,1134
T,30.82,*,T190517C00034000,,call,05/17/2019,03/01/2019,34,0.1,0.08,0.09,48,1297,1301
T,30.82,*,T190517P00034000,,put,05/17/2019,03/01/2019,34,3.35,3.6,3.7,120,790,909
T,30.82,*,T190517C00035000,,call,05/17/2019,03/01/2019,35,0.06,0.03,0.04,33,323,356
T,30.82,*,T190517P00035000,,put,05/17/2019,03/01/2019,35,4.25,4.55,4.65,3,316,319
T,30.82,*,T190517C00036000,,call,05/17/2019,03/01/2019,36,0.03,0.01,0.03,0,9,9
T,30.82,*,T190517P00036000,,put,05/17/2019,03/01/2019,36,5.3,5.5,5.7,0,193,193
T,30.82,*,T190621C00015000,,call,06/21/2019,03/01/2019,15,16.29,15.8,16.15,0,1,1
T,30.82,*,T190621P00015000,,put,06/21/2019,03/01/2019,15,0.02,0,0.02,0,1024,1024
T,30.82,*,T190621C00016000,,call,06/21/2019,03/01/2019,16,0,14.8,15,0,0,0
T,30.82,*,T190621P00016000,,put,06/21/2019,03/01/2019,16,0.05,0,0.02,0,1,1
T,30.82,*,T190621C00017000,,call,06/21/2019,03/01/2019,17,0,13.8,14,0,0,0
T,30.82,*,T190621P00017000,,put,06/21/2019,03/01/2019,17,0.05,0,0.02,0,3,3
T,30.82,*,T190621C00018000,,call,06/21/2019,03/01/2019,18,0,12.75,13,0,0,0
T,30.82,*,T190621P00018000,,put,06/21/2019,03/01/2019,18,0.05,0,0.02,0,162,162
T,30.82,*,T190621C00019000,,call,06/21/2019,03/01/2019,19,12.13,11.8,12,0,35,35
T,30.82,*,T190621P00019000,,put,06/21/2019,03/01/2019,19,0.01,0,0.03,3,1,4
T,30.82,*,T190621C00020000,,call,06/21/2019,03/01/2019,20,10.65,10.8,11,0,19,19
T,30.82,*,T190621P00020000,,put,06/21/2019,03/01/2019,20,0.02,0.01,0.03,0,704,704
T,30.82,*,T190621C00021000,,call,06/21/2019,03/01/2019,21,10.17,9.85,9.95,0,5,5
T,30.82,*,T190621P00021000,,put,06/21/2019,03/01/2019,21,0.06,0.02,0.03,0,100,100
T,30.82,*,T190621C00022000,,call,06/21/2019,03/01/2019,22,7.75,8.85,8.95,0,27,27
T,30.82,*,T190621P00022000,,put,06/21/2019,03/01/2019,22,0.15,0.03,0.04,0,433,433
T,30.82,*,T190621C00023000,,call,06/21/2019,03/01/2019,23,8.14,7.85,7.95,0,12,12
T,30.82,*,T190621P00023000,,put,06/21/2019,03/01/2019,23,0.05,0.05,0.06,1,4130,4129
T,30.82,*,T190621C00024000,,call,06/21/2019,03/01/2019,24,5.8,6.85,6.95,0,58,58
T,30.82,*,T190621P00024000,,put,06/21/2019,03/01/2019,24,0.08,0.08,0.09,1,542,541
T,30.82,*,T190621C00025000,,call,06/21/2019,03/01/2019,25,5.9,5.85,5.95,4,449,449
T,30.82,*,T190621P00025000,,put,06/21/2019,03/01/2019,25,0.14,0.12,0.13,1,8933,8932
T,30.82,*,T190621C00026000,,call,06/21/2019,03/01/2019,26,5.3,4.9,5,0,1872,1872
T,30.82,*,T190621P00026000,,put,06/21/2019,03/01/2019,26,0.19,0.18,0.19,300,3986,3940
T,30.82,*,T190621C00027000,,call,06/21/2019,03/01/2019,27,4.3,3.95,4.05,0,1116,1116
T,30.82,*,T190621P00027000,,put,06/21/2019,03/01/2019,27,0.31,0.27,0.29,292,7393,7335
T,30.82,*,T190621C00028000,,call,06/21/2019,03/01/2019,28,3.05,3.05,3.1,227,2022,2066
T,30.82,*,T190621P00028000,,put,06/21/2019,03/01/2019,28,0.43,0.41,0.43,257,27133,27196
T,30.82,*,T190621C00029000,,call,06/21/2019,03/01/2019,29,2.15,2.25,2.29,46,2141,2141
T,30.82,*,T190621P00029000,,put,06/21/2019,03/01/2019,29,0.65,0.64,0.66,193,12940,13071
T,30.82,*,T190621C00030000,,call,06/21/2019,03/01/2019,30,1.47,1.55,1.6,70,22818,22883
T,30.82,*,T190621P00030000,,put,06/21/2019,03/01/2019,30,1.04,0.97,0.99,108,36361,36420
T,30.82,*,T190621C00031000,,call,06/21/2019,03/01/2019,31,1,0.99,1.02,768,5536,5573
T,30.82,*,T190621P00031000,,put,06/21/2019,03/01/2019,31,1.52,1.43,1.46,144,12924,12908
T,30.82,*,T190621C00032000,,call,06/21/2019,03/01/2019,32,0.54,0.58,0.61,157,21918,22010
T,30.82,*,T190621P00032000,,put,06/21/2019,03/01/2019,32,2.03,2.04,2.08,330,18718,18663
T,30.82,*,T190621C00033000,,call,06/21/2019,03/01/2019,33,0.31,0.31,0.33,559,14203,14375
T,30.82,*,T190621P00033000,,put,06/21/2019,03/01/2019,33,2.83,2.79,2.83,259,3451,3362
T,30.82,*,T190621C00034000,,call,06/21/2019,03/01/2019,34,0.14,0.15,0.17,366,25779,25710
T,30.82,*,T190621P00034000,,put,06/21/2019,03/01/2019,34,3.6,3.65,3.7,22,1182,1182
T,30.82,*,T190621C00035000,,call,06/21/2019,03/01/2019,35,0.08,0.07,0.09,434,39944,39960
T,30.82,*,T190621P00035000,,put,06/21/2019,03/01/2019,35,4.75,4.55,4.65,46,4011,4012
T,30.82,*,T190621C00036000,,call,06/21/2019,03/01/2019,36,0.04,0.03,0.04,15,3651,3651
T,30.82,*,T190621P00036000,,put,06/21/2019,03/01/2019,36,5.5,5.55,5.65,0,491,491
T,30.82,*,T190621C00037000,,call,06/21/2019,03/01/2019,37,0.03,0.02,0.03,200,8240,8440
T,30.82,*,T190621P00037000,,put,06/21/2019,03/01/2019,37,6.2,6.3,6.65,0,682,682
T,30.82,*,T190621C00038000,,call,06/21/2019,03/01/2019,38,0.03,0.01,0.02,0,999,999
T,30.82,*,T190621P00038000,,put,06/21/2019,03/01/2019,38,9.26,7.3,7.7,0,56,56
T,30.82,*,T190621C00039000,,call,06/21/2019,03/01/2019,39,0.01,0.01,0.02,3,654,654
T,30.82,*,T190621P00039000,,put,06/21/2019,03/01/2019,39,10.26,8.45,8.7,0,51,51
T,30.82,*,T190621C00040000,,call,06/21/2019,03/01/2019,40,0.01,0.01,0.02,45,9308,9353
T,30.82,*,T190621P00040000,,put,06/21/2019,03/01/2019,40,9.7,9.55,9.7,12,1441,1441
T,30.82,*,T190621C00041000,,call,06/21/2019,03/01/2019,41,0.01,0,0.02,0,340,340
T,30.82,*,T190621P00041000,,put,06/21/2019,03/01/2019,41,11.95,10.45,10.7,0,24,24
T,30.82,*,T190621C00042000,,call,06/21/2019,03/01/2019,42,0.01,0,0.02,0,516,516
T,30.82,*,T190621P00042000,,put,06/21/2019,03/01/2019,42,14.2,11.45,11.7,0,251,251
T,30.82,*,T190621C00043000,,call,06/21/2019,03/01/2019,43,0.02,0,0.02,0,6,6
T,30.82,*,T190621P00043000,,put,06/21/2019,03/01/2019,43,0,12.45,12.6,0,0,0
T,30.82,*,T190621C00044000,,call,06/21/2019,03/01/2019,44,0.01,0,0.02,0,43,43
T,30.82,*,T190621P00044000,,put,06/21/2019,03/01/2019,44,13.76,13.5,13.6,0,39,39
T,30.82,*,T190621C00045000,,call,06/21/2019,03/01/2019,45,0.01,0,0.02,0,1558,1558
T,30.82,*,T190621P00045000,,put,06/21/2019,03/01/2019,45,15.9,14.5,14.6,0,67,67
T,30.82,*,T190719C00015000,,call,07/19/2019,03/01/2019,15,16.15,15.8,16.4,0,280,280
T,30.82,*,T190719P00015000,,put,07/19/2019,03/01/2019,15,0.11,0,0.02,0,13,13
T,30.82,*,T190719C00016000,,call,07/19/2019,03/01/2019,16,14.25,14.8,15,0,20,20
T,30.82,*,T190719P00016000,,put,07/19/2019,03/01/2019,16,0,0,0.03,0,0,0
T,30.82,*,T190719C00017000,,call,07/19/2019,03/01/2019,17,13.6,13.8,14,0,25,25
T,30.82,*,T190719P00017000,,put,07/19/2019,03/01/2019,17,0.04,0,0.03,0,9,9
T,30.82,*,T190719C00018000,,call,07/19/2019,03/01/2019,18,0,12.8,13.4,0,0,0
T,30.82,*,T190719P00018000,,put,07/19/2019,03/01/2019,18,0.27,0,0.03,0,1,1
T,30.82,*,T190719C00019000,,call,07/19/2019,03/01/2019,19,0,11.75,12.05,0,0,0
T,30.82,*,T190719P00019000,,put,07/19/2019,03/01/2019,19,0.05,0.02,0.04,0,270,270
T,30.82,*,T190719C00020000,,call,07/19/2019,03/01/2019,20,10.6,10.7,11.05,0,143,143
T,30.82,*,T190719P00020000,,put,07/19/2019,03/01/2019,20,0.05,0.03,0.05,0,129,129
T,30.82,*,T190719C00021000,,call,07/19/2019,03/01/2019,21,8.55,9.75,10.4,0,0,0
T,30.82,*,T190719P00021000,,put,07/19/2019,03/01/2019,21,0.07,0.04,0.06,0,702,702
T,30.82,*,T190719C00022000,,call,07/19/2019,03/01/2019,22,9.24,8.8,9.05,0,1,1
T,30.82,*,T190719P00022000,,put,07/19/2019,03/01/2019,22,0.08,0.06,0.09,0,420,420
T,30.82,*,T190719C00023000,,call,07/19/2019,03/01/2019,23,8.2,7.85,8,87,5,91
T,30.82,*,T190719P00023000,,put,07/19/2019,03/01/2019,23,0.11,0.09,0.11,0,484,484
T,30.82,*,T190719C00024000,,call,07/19/2019,03/01/2019,24,6.1,6.8,6.95,0,4,4
T,30.82,*,T190719P00024000,,put,07/19/2019,03/01/2019,24,0.14,0.13,0.15,0,684,684
T,30.82,*,T190719C00025000,,call,07/19/2019,03/01/2019,25,5.9,5.85,5.95,26,119,128
T,30.82,*,T190719P00025000,,put,07/19/2019,03/01/2019,25,0.2,0.19,0.21,2,1188,1187
T,30.82,*,T190719C00026000,,call,07/19/2019,03/01/2019,26,5.1,4.85,5.25,0,272,272
T,30.82,*,T190719P00026000,,put,07/19/2019,03/01/2019,26,0.28,0.28,0.3,2,3014,3013
T,30.82,*,T190719C00027000,,call,07/19/2019,03/01/2019,27,4.25,3.95,4.05,0,1580,1580
T,30.82,*,T190719P00027000,,put,07/19/2019,03/01/2019,27,0.44,0.41,0.43,11,5847,5856
T,30.82,*,T190719C00028000,,call,07/19/2019,03/01/2019,28,3.25,3.05,3.15,36,5914,5914
T,30.82,*,T190719P00028000,,put,07/19/2019,03/01/2019,28,0.65,0.6,0.63,32,5097,5122
T,30.82,*,T190719C00029000,,call,07/19/2019,03/01/2019,29,2.2,2.29,2.34,286,1587,1685
T,30.82,*,T190719P00029000,,put,07/19/2019,03/01/2019,29,0.94,0.87,0.92,62,3934,3960
T,30.82,*,T190719C00030000,,call,07/19/2019,03/01/2019,30,1.6,1.6,1.68,33,8048,8048
T,30.82,*,T190719P00030000,,put,07/19/2019,03/01/2019,30,1.32,1.25,1.3,407,6322,6106
T,30.82,*,T190719C00031000,,call,07/19/2019,03/01/2019,31,1.03,1.05,1.1,307,3287,3299
T,30.82,*,T190719P00031000,,put,07/19/2019,03/01/2019,31,1.72,1.75,1.81,10,1085,1085
T,30.82,*,T190719C00032000,,call,07/19/2019,03/01/2019,32,0.61,0.64,0.66,334,13248,13138
T,30.82,*,T190719P00032000,,put,07/19/2019,03/01/2019,32,2.32,2.38,2.44,10,1708,1718
T,30.82,*,T190719C00033000,,call,07/19/2019,03/01/2019,33,0.35,0.35,0.4,645,9779,10313
T,30.82,*,T190719P00033000,,put,07/19/2019,03/01/2019,33,2.95,3.1,3.2,0,1394,1394
T,30.82,*,T190719C00034000,,call,07/19/2019,03/01/2019,34,0.18,0.18,0.21,76,4150,4118
T,30.82,*,T190719P00034000,,put,07/19/2019,03/01/2019,34,4.25,3.9,4.05,0,156,156
T,30.82,*,T190719C00035000,,call,07/19/2019,03/01/2019,35,0.09,0.09,0.11,31,3328,3337
T,30.82,*,T190719P00035000,,put,07/19/2019,03/01/2019,35,4.6,4.85,5,0,545,545
T,30.82,*,T190719C00036000,,call,07/19/2019,03/01/2019,36,0.09,0.04,0.06,1,689,688
T,30.82,*,T190719P00036000,,put,07/19/2019,03/01/2019,36,6,5.75,6.2,10,352,352
T,30.82,*,T190719C00037000,,call,07/19/2019,03/01/2019,37,0.04,0.02,0.04,0,775,775
T,30.82,*,T190719P00037000,,put,07/19/2019,03/01/2019,37,6.47,6.75,6.9,0,47,47
T,30.82,*,T190719C00038000,,call,07/19/2019,03/01/2019,38,0.02,0.01,0.03,0,513,513
T,30.82,*,T190719P00038000,,put,07/19/2019,03/01/2019,38,7.45,7.7,8.1,0,301,301
T,30.82,*,T191018C00022000,,call,10/18/2019,03/01/2019,22,0,8.75,9,0,0,0
T,30.82,*,T191018P00022000,,put,10/18/2019,03/01/2019,22,0.2,0.19,0.22,5,98,103
T,30.82,*,T191018C00023000,,call,10/18/2019,03/01/2019,23,0,7.75,8.1,0,0,0
T,30.82,*,T191018P00023000,,put,10/18/2019,03/01/2019,23,0.26,0.26,0.28,0,22,22
T,30.82,*,T191018C00024000,,call,10/18/2019,03/01/2019,24,0,6.85,7,0,0,0
T,30.82,*,T191018P00024000,,put,10/18/2019,03/01/2019,24,0.32,0.34,0.37,50,145,195
T,30.82,*,T191018C00025000,,call,10/18/2019,03/01/2019,25,6.4,5.85,6.2,0,27,27
T,30.82,*,T191018P00025000,,put,10/18/2019,03/01/2019,25,0.48,0.45,0.48,35,266,296
T,30.82,*,T191018C00026000,,call,10/18/2019,03/01/2019,26,5.25,4.85,5.1,0,196,196
T,30.82,*,T191018P00026000,,put,10/18/2019,03/01/2019,26,0.62,0.61,0.64,13,628,630
T,30.82,*,T191018C00027000,,call,10/18/2019,03/01/2019,27,4,4.05,4.15,11,321,332
T,30.82,*,T191018P00027000,,put,10/18/2019,03/01/2019,27,0.82,0.8,0.84,31,1322,1329
T,30.82,*,T191018C00028000,,call,10/18/2019,03/01/2019,28,3.29,3.2,3.35,34,323,357
T,30.82,*,T191018P00028000,,put,10/18/2019,03/01/2019,28,1.14,1.08,1.11,640,1050,1651
T,30.82,*,T191018C00029000,,call,10/18/2019,03/01/2019,29,2.55,2.56,2.61,13,368,379
T,30.82,*,T191018P00029000,,put,10/18/2019,03/01/2019,29,1.5,1.41,1.47,104,510,538
T,30.82,*,T191018C00030000,,call,10/18/2019,03/01/2019,30,2,1.93,2,2,395,397
T,30.82,*,T191018P00030000,,put,10/18/2019,03/01/2019,30,1.9,1.83,1.88,16,711,726
T,30.82,*,T191018C00031000,,call,10/18/2019,03/01/2019,31,1.35,1.41,1.46,20,871,887
T,30.82,*,T191018P00031000,,put,10/18/2019,03/01/2019,31,2.27,2.35,2.42,10,50,60
T,30.82,*,T191018C00032000,,call,10/18/2019,03/01/2019,32,0.99,0.99,1.03,46,1132,1150
T,30.82,*,T191018P00032000,,put,10/18/2019,03/01/2019,32,2.85,2.96,3.05,0,461,461
T,30.82,*,T191018C00033000,,call,10/18/2019,03/01/2019,33,0.67,0.67,0.68,337,1541,1267
T,30.82,*,T191018P00033000,,put,10/18/2019,03/01/2019,33,3.7,3.65,3.75,2,66,68
T,30.82,*,T191018C00034000,,call,10/18/2019,03/01/2019,34,0.42,0.43,0.47,77,1558,1625
T,30.82,*,T191018P00034000,,put,10/18/2019,03/01/2019,34,4.35,4.4,4.55,0,272,272
T,30.82,*,T191018C00035000,,call,10/18/2019,03/01/2019,35,0.29,0.27,0.28,94,684,722
T,30.82,*,T191018P00035000,,put,10/18/2019,03/01/2019,35,4.95,5.25,5.35,1,221,221
T,30.82,*,T191018C00036000,,call,10/18/2019,03/01/2019,36,0.22,0.16,0.2,0,191,191
T,30.82,*,T191018P00036000,,put,10/18/2019,03/01/2019,36,6.05,6.15,6.3,0,2,2
T,30.82,*,T191018C00037000,,call,10/18/2019,03/01/2019,37,0.16,0.1,0.12,0,39,39
T,30.82,*,T191018P00037000,,put,10/18/2019,03/01/2019,37,0,6.9,7.3,0,0,0
T,30.82,*,T191018C00038000,,call,10/18/2019,03/01/2019,38,0.08,0.06,0.08,0,137,137
T,30.82,*,T191018P00038000,,put,10/18/2019,03/01/2019,38,7.7,7.85,8.3,0,25,25
T,30.82,*,T200117C00015000,,call,01/17/2020,03/01/2019,15,16.13,15.75,16,0,20,20
T,30.82,*,T200117P00015000,,put,01/17/2020,03/01/2019,15,0.05,0.05,0.07,35,897,905
T,30.82,*,T200117C00018000,,call,01/17/2020,03/01/2019,18,12.6,12.75,13,0,36,36
T,30.82,*,T200117P00018000,,put,01/17/2020,03/01/2019,18,0.12,0.12,0.14,0,5440,5440
T,30.82,*,T200117C00020000,,call,01/17/2020,03/01/2019,20,11.25,10.75,11.05,0,331,331
T,30.82,*,T200117P00020000,,put,01/17/2020,03/01/2019,20,0.22,0.2,0.23,55,8988,8993
T,30.82,*,T200117C00023000,,call,01/17/2020,03/01/2019,23,7.84,7.75,7.95,150,773,714
T,30.82,*,T200117P00023000,,put,01/17/2020,03/01/2019,23,0.48,0.44,0.46,28,10556,10562
T,30.82,*,T200117C00025000,,call,01/17/2020,03/01/2019,25,5.8,5.9,6.05,100,5274,5330
T,30.82,*,T200117P00025000,,put,01/17/2020,03/01/2019,25,0.75,0.73,0.76,172,40929,41007
T,30.82,*,T200117C00028000,,call,01/17/2020,03/01/2019,28,3.45,3.45,3.55,40,20757,20779
T,30.82,*,T200117P00028000,,put,01/17/2020,03/01/2019,28,1.56,1.51,1.54,205,47029,47182
T,30.82,*,T200117C00030000,,call,01/17/2020,03/01/2019,30,2.15,2.2,2.25,745,35306,35419
T,30.82,*,T200117P00030000,,put,01/17/2020,03/01/2019,30,2.44,2.34,2.4,171,66471,66442
T,30.82,*,T200117C00033000,,call,01/17/2020,03/01/2019,33,0.97,0.94,0.98,1075,48651,48144
T,30.82,*,T200117P00033000,,put,01/17/2020,03/01/2019,33,4.2,4.1,4.2,77,30559,30584
T,30.82,*,T200117C00035000,,call,01/17/2020,03/01/2019,35,0.49,0.48,0.5,736,64682,64624
T,30.82,*,T200117P00035000,,put,01/17/2020,03/01/2019,35,5.85,5.65,5.8,162,9465,9458
T,30.82,*,T200117C00037000,,call,01/17/2020,03/01/2019,37,0.23,0.22,0.25,604,27076,27535
T,30.82,*,T200117P00037000,,put,01/17/2020,03/01/2019,37,7.1,7.4,7.55,8,3016,3008
T,30.82,*,T200117C00040000,,call,01/17/2020,03/01/2019,40,0.08,0.07,0.09,199,34254,34409
T,30.82,*,T200117P00040000,,put,01/17/2020,03/01/2019,40,10,10.1,10.5,0,5216,5216
T,30.82,*,T200117C00042000,,call,01/17/2020,03/01/2019,42,0.05,0.04,0.05,100,11950,11959
T,30.82,*,T200117P00042000,,put,01/17/2020,03/01/2019,42,11.81,12,12.35,0,914,914
T,30.82,*,T200117C00045000,,call,01/17/2020,03/01/2019,45,0.03,0.02,0.03,2,8528,8528
T,30.82,*,T200117P00045000,,put,01/17/2020,03/01/2019,45,16.2,14.9,15.35,0,326,326
T,30.82,*,T200117C00047000,,call,01/17/2020,03/01/2019,47,0.01,0.01,0.02,0,1143,1143
T,30.82,*,T200117P00047000,,put,01/17/2020,03/01/2019,47,16.63,16.9,17.35,0,214,214
T,30.82,*,T200117C00050000,,call,01/17/2020,03/01/2019,50,0.01,0,0.02,1,4965,4966
T,30.82,*,T200117P00050000,,put,01/17/2020,03/01/2019,50,20.05,19.8,20.3,0,739,739
T,30.82,*,T200117C00055000,,call,01/17/2020,03/01/2019,55,0.02,0,0.02,0,4209,4209
T,30.82,*,T200117P00055000,,put,01/17/2020,03/01/2019,55,25.5,22,27,0,520,520
T,30.82,*,T210115C00015000,,call,01/15/2021,03/01/2019,15,15.95,15.8,16.15,2,96,94
T,30.82,*,T210115P00015000,,put,01/15/2021,03/01/2019,15,0.44,0.34,0.4,0,857,857
T,30.82,*,T210115C00018000,,call,01/15/2021,03/01/2019,18,13.3,12.65,13.25,0,175,175
T,30.82,*,T210115P00018000,,put,01/15/2021,03/01/2019,18,0.59,0.42,0.63,15,942,937
T,30.82,*,T210115C00020000,,call,01/15/2021,03/01/2019,20,10.8,10.7,11.3,10,471,481
T,30.82,*,T210115P00020000,,put,01/15/2021,03/01/2019,20,0.84,0.71,0.88,110,3508,3508
T,30.82,*,T210115C00023000,,call,01/15/2021,03/01/2019,23,8.25,7.8,8.15,0,1398,1398
T,30.82,*,T210115P00023000,,put,01/15/2021,03/01/2019,23,1.41,1.27,1.44,411,4790,5151
T,30.82,*,T210115C00025000,,call,01/15/2021,03/01/2019,25,6.15,6.05,6.35,26,6720,6730
T,30.82,*,T210115P00025000,,put,01/15/2021,03/01/2019,25,1.91,1.85,1.96,32,34554,34554
T,30.82,*,T210115C00028000,,call,01/15/2021,03/01/2019,28,3.99,4.1,4.2,43,3832,3853
T,30.82,*,T210115P00028000,,put,01/15/2021,03/01/2019,28,3,2.86,3.1,27,6395,6400
T,30.82,*,T210115C00030000,,call,01/15/2021,03/01/2019,30,3.04,2.92,3.1,84,8067,8130
T,30.82,*,T210115P00030000,,put,01/15/2021,03/01/2019,30,3.95,3.85,4,16,7070,7084
T,30.82,*,T210115C00032000,,call,01/15/2021,03/01/2019,32,2.1,2.11,2.23,46,4280,4318
T,30.82,*,T210115P00032000,,put,01/15/2021,03/01/2019,32,4.86,4.95,5.2,0,3018,3018
T,30.82,*,T210115C00035000,,call,01/15/2021,03/01/2019,35,1.18,1.22,1.38,80,6995,6997
T,30.82,*,T210115P00035000,,put,01/15/2021,03/01/2019,35,6.9,6.95,7.25,0,3727,3727
T,30.82,*,T210115C00037000,,call,01/15/2021,03/01/2019,37,0.86,0.77,0.9,128,6314,6294
T,30.82,*,T210115P00037000,,put,01/15/2021,03/01/2019,37,8.65,8.55,8.75,3,529,528
T,30.82,*,T210115C00040000,,call,01/15/2021,03/01/2019,40,0.44,0.45,0.51,209,4202,4401
T,30.82,*,T210115P00040000,,put,01/15/2021,03/01/2019,40,10.75,10.95,11.3,0,693,693
T,30.82,*,T210115C00042000,,call,01/15/2021,03/01/2019,42,0.34,0.27,0.35,36,826,862
T,30.82,*,T210115P00042000,,put,01/15/2021,03/01/2019,42,12.45,12.65,13.05,0,602,602
T,30.82,*,T210115C00045000,,call,01/15/2021,03/01/2019,45,0.2,0.14,0.22,0,3892,3892
T,30.82,*,T210115P00045000,,put,01/15/2021,03/01/2019,45,15.15,15.45,15.75,0,633,633
T,30.82,*,T210115C00047000,,call,01/15/2021,03/01/2019,47,0.16,0.1,0.27,8,114,120
T,30.82,*,T210115P00047000,,put,01/15/2021,03/01/2019,47,17,17,18.4,0,143,143
T,30.82,*,T210115C00050000,,call,01/15/2021,03/01/2019,50,0.12,0.08,0.11,27,4180,4180
T,30.82,*,T210115P00050000,,put,01/15/2021,03/01/2019,50,19.8,19.9,21.15,0,94,94
